{
  "IcoMoonType": "selection",
  "icons": [
    {
      "icon": {
        "paths": [
          "M544 0l-96 96 96 96-224 256h-224l176 176-272 360.616v39.384h39.384l360.616-272 176 176v-224l256-224 96 96 96-96-480-480zM448 544l-64-64 224-224 64 64-224 224z"
        ],
        "tags": [
          "pushpin",
          "pin"
        ],
        "defaultCode": 59718,
        "grid": 16,
        "attrs": []
      },
      "attrs": [],
      "properties": {
        "ligatures": "pushpin, pin",
        "name": "pushpin",
        "order": 2,
        "id": 71,
        "prevSize": 32
      },
      "setIdx": 0,
      "setId": 1,
      "iconIdx": 70
    },
    {
      "icon": {
        "paths": [
          "M512 0c-176.732 0-320 143.268-320 320 0 320 320 704 320 704s320-384 320-704c0-176.732-143.27-320-320-320zM512 512c-106.040 0-192-85.96-192-192s85.96-192 192-192 192 85.96 192 192-85.96 192-192 192z"
        ],
        "tags": [
          "location",
          "map-marker",
          "pin"
        ],
        "defaultCode": 59719,
        "grid": 16,
        "attrs": []
      },
      "attrs": [],
      "properties": {
        "ligatures": "location, map-marker",
        "name": "location",
        "order": 3,
        "id": 72,
        "prevSize": 32
      },
      "setIdx": 0,
      "setId": 1,
      "iconIdx": 71
    },
    {
      "icon": {
        "paths": [
          "M512 0c-176.732 0-320 143.268-320 320 0 320 320 704 320 704s320-384 320-704c0-176.732-143.27-320-320-320zM512 516c-108.248 0-196-87.752-196-196s87.752-196 196-196 196 87.752 196 196-87.752 196-196 196zM388 320c0-68.483 55.517-124 124-124s124 55.517 124 124c0 68.483-55.517 124-124 124s-124-55.517-124-124z"
        ],
        "tags": [
          "location",
          "map-marker",
          "pin"
        ],
        "defaultCode": 59720,
        "grid": 16,
        "attrs": []
      },
      "attrs": [],
      "properties": {
        "ligatures": "location2, map-marker2",
        "name": "location2",
        "order": 4,
        "id": 73,
        "prevSize": 32
      },
      "setIdx": 0,
      "setId": 1,
      "iconIdx": 72
    }
  ],
  "height": 1024,
  "preferences": {
    "showGlyphs": true,
    "showQuickUse": true,
    "showQuickUse2": true,
    "showSVGs": true,
    "fontPref": {
      "prefix": "icon-",
      "metadata": {
        "fontFamily": "icomoon"
      },
      "metrics": {
        "emSize": 1024,
        "baseline": 6.25,
        "whitespace": 50
      },
      "embed": false
    },
    "imagePref": {
      "prefix": "icon-",
      "png": true,
      "useClassSelector": true,
      "color": 0,
      "bgColor": 16777215,
      "classSelector": ".icon",
      "name": "icomoon"
    },
    "historySize": 50,
    "showCodes": true,
    "gridSize": 16
  }
}