{"IcoMoonType":"selection","icons":[{"icon":{"paths":["M1024 397.050l-353.78-51.408-158.22-320.582-158.216 320.582-353.784 51.408 256 249.538-60.432 352.352 316.432-166.358 316.432 166.358-60.434-352.352 256.002-249.538zM512 753.498l-223.462 117.48 42.676-248.83-180.786-176.222 249.84-36.304 111.732-226.396 111.736 226.396 249.836 36.304-180.788 176.222 42.678 248.83-223.462-117.48z"],"tags":["star-empty","rate","star","favorite","bookmark"],"defaultCode":59863,"grid":16,"attrs":[]},"attrs":[],"properties":{"ligatures":"star-empty, rate","name":"star-empty","order":2,"id":216,"prevSize":32,"code":59863},"setIdx":0,"setId":1,"iconIdx":215},{"icon":{"paths":["M1024 397.050l-353.78-51.408-158.22-320.582-158.216 320.582-353.784 51.408 256 249.538-60.432 352.352 316.432-166.358 316.432 166.358-60.434-352.352 256.002-249.538zM512 753.498l-0.942 0.496 0.942-570.768 111.736 226.396 249.836 36.304-180.788 176.222 42.678 248.83-223.462-117.48z"],"tags":["star-half","rate","star"],"defaultCode":59864,"grid":16,"attrs":[]},"attrs":[],"properties":{"ligatures":"star-half, rate2","name":"star-half","order":3,"id":217,"prevSize":32,"code":59864},"setIdx":0,"setId":1,"iconIdx":216},{"icon":{"paths":["M1024 397.050l-353.78-51.408-158.22-320.582-158.216 320.582-353.784 51.408 256 249.538-60.432 352.352 316.432-166.358 316.432 166.358-60.434-352.352 256.002-249.538z"],"tags":["star-full","rate","star","favorite","bookmark"],"defaultCode":59865,"grid":16,"attrs":[]},"attrs":[],"properties":{"ligatures":"star-full, rate3","name":"star-full","order":4,"id":218,"prevSize":32,"code":59865},"setIdx":0,"setId":1,"iconIdx":217},{"icon":{"paths":["M755.188 64c-107.63 0-200.258 87.554-243.164 179-42.938-91.444-135.578-179-243.216-179-148.382 0-268.808 120.44-268.808 268.832 0 301.846 304.5 380.994 512.022 679.418 196.154-296.576 511.978-387.206 511.978-679.418 0-148.392-120.43-268.832-268.812-268.832z"],"tags":["heart","like","love","favorite"],"defaultCode":59866,"grid":16,"attrs":[]},"attrs":[],"properties":{"ligatures":"heart, like","name":"heart","order":5,"id":219,"prevSize":32,"code":59866},"setIdx":0,"setId":1,"iconIdx":218}],"height":1024,"metadata":{"name":"icomoon"},"preferences":{"showGlyphs":true,"showQuickUse":true,"showQuickUse2":true,"showSVGs":true,"fontPref":{"prefix":"icon-","metadata":{"fontFamily":"icomoon"},"metrics":{"emSize":1024,"baseline":6.25,"whitespace":50},"embed":false},"imagePref":{"prefix":"icon-","png":false,"useClassSelector":false,"color":0,"bgColor":16777215,"classSelector":".icon","name":"icomoon","height":32,"columns":16,"margin":16},"historySize":50,"showCodes":true,"gridSize":16}}